http://api.jquery.com/add/,js,add,api.jquery.com
http://api.jquery.com/addBack/,js,addBack,api.jquery.com
http://api.jquery.com/addClass/,js,addClass,api.jquery.com
http://api.jquery.com/after/,js,after,api.jquery.com
http://api.jquery.com/ajaxComplete/,js,ajaxComplete,api.jquery.com
http://api.jquery.com/ajaxError/,js,ajaxError,api.jquery.com
http://api.jquery.com/ajaxSend/,js,ajaxSend,api.jquery.com
http://api.jquery.com/ajaxStart/,js,ajaxStart,api.jquery.com
http://api.jquery.com/ajaxStop/,js,ajaxStop,api.jquery.com
http://api.jquery.com/ajaxSuccess/,js,ajaxSuccess,api.jquery.com
http://api.jquery.com/all-selector/,js,all-selector,api.jquery.com
http://api.jquery.com/andSelf/,js,andSelf,api.jquery.com
http://api.jquery.com/animate/,js,animate,api.jquery.com
http://api.jquery.com/animated-selector/,js,animated-selector,api.jquery.com
http://api.jquery.com/append/,js,append,api.jquery.com
http://api.jquery.com/appendTo/,js,appendTo,api.jquery.com
http://api.jquery.com/attr/,js,attr,api.jquery.com
http://api.jquery.com/attribute-contains-prefix-selector/,js,attribute-contains-prefix-selector,api.jquery.com
http://api.jquery.com/attribute-contains-selector/,js,attribute-contains-selector,api.jquery.com
http://api.jquery.com/attribute-contains-word-selector/,js,attribute-contains-word-selector,api.jquery.com
http://api.jquery.com/attribute-ends-with-selector/,js,attribute-ends-with-selector,api.jquery.com
http://api.jquery.com/attribute-equals-selector/,js,attribute-equals-selector,api.jquery.com
http://api.jquery.com/attribute-not-equal-selector/,js,attribute-not-equal-selector,api.jquery.com
http://api.jquery.com/attribute-starts-with-selector/,js,attribute-starts-with-selector,api.jquery.com
http://api.jquery.com/before/,js,before,api.jquery.com
http://api.jquery.com/bind/,js,bind,api.jquery.com
http://api.jquery.com/blur/,js,blur,api.jquery.com
http://api.jquery.com/button-selector/,js,button-selector,api.jquery.com
http://api.jquery.com/callbacks.add/,js,callbacks.add,api.jquery.com
http://api.jquery.com/callbacks.disable/,js,callbacks.disable,api.jquery.com
http://api.jquery.com/callbacks.disabled/,js,callbacks.disabled,api.jquery.com
http://api.jquery.com/callbacks.empty/,js,callbacks.empty,api.jquery.com
http://api.jquery.com/callbacks.fire/,js,callbacks.fire,api.jquery.com
http://api.jquery.com/callbacks.fired/,js,callbacks.fired,api.jquery.com
http://api.jquery.com/callbacks.fireWith/,js,callbacks.fireWith,api.jquery.com
http://api.jquery.com/callbacks.has/,js,callbacks.has,api.jquery.com
http://api.jquery.com/callbacks.lock/,js,callbacks.lock,api.jquery.com
http://api.jquery.com/callbacks.locked/,js,callbacks.locked,api.jquery.com
http://api.jquery.com/callbacks.remove/,js,callbacks.remove,api.jquery.com
http://api.jquery.com/change/,js,change,api.jquery.com
http://api.jquery.com/checkbox-selector/,js,checkbox-selector,api.jquery.com
http://api.jquery.com/checked-selector/,js,checked-selector,api.jquery.com
http://api.jquery.com/child-selector/,js,child-selector,api.jquery.com
http://api.jquery.com/children/,js,children,api.jquery.com
http://api.jquery.com/class-selector/,js,class-selector,api.jquery.com
http://api.jquery.com/clearQueue/,js,clearQueue,api.jquery.com
http://api.jquery.com/click/,js,click,api.jquery.com
http://api.jquery.com/clone/,js,clone,api.jquery.com
http://api.jquery.com/closest/,js,closest,api.jquery.com
http://api.jquery.com/contains-selector/,js,contains-selector,api.jquery.com
http://api.jquery.com/contents/,js,contents,api.jquery.com
http://api.jquery.com/context/,js,context,api.jquery.com
http://api.jquery.com/css/,js,css,api.jquery.com
http://api.jquery.com/data/,js,data,api.jquery.com
http://api.jquery.com/dblclick/,js,dblclick,api.jquery.com
http://api.jquery.com/deferred.always/,js,deferred.always,api.jquery.com
http://api.jquery.com/deferred.done/,js,deferred.done,api.jquery.com
http://api.jquery.com/deferred.fail/,js,deferred.fail,api.jquery.com
http://api.jquery.com/deferred.isRejected/,js,deferred.isRejected,api.jquery.com
http://api.jquery.com/deferred.isResolved/,js,deferred.isResolved,api.jquery.com
http://api.jquery.com/deferred.notify/,js,deferred.notify,api.jquery.com
http://api.jquery.com/deferred.notifyWith/,js,deferred.notifyWith,api.jquery.com
http://api.jquery.com/deferred.pipe/,js,deferred.pipe,api.jquery.com
http://api.jquery.com/deferred.progress/,js,deferred.progress,api.jquery.com
http://api.jquery.com/deferred.promise/,js,deferred.promise,api.jquery.com
http://api.jquery.com/deferred.reject/,js,deferred.reject,api.jquery.com
http://api.jquery.com/deferred.rejectWith/,js,deferred.rejectWith,api.jquery.com
http://api.jquery.com/deferred.resolve/,js,deferred.resolve,api.jquery.com
http://api.jquery.com/deferred.resolveWith/,js,deferred.resolveWith,api.jquery.com
http://api.jquery.com/deferred.state/,js,deferred.state,api.jquery.com
http://api.jquery.com/deferred.then/,js,deferred.then,api.jquery.com
http://api.jquery.com/delay/,js,delay,api.jquery.com
http://api.jquery.com/delegate/,js,delegate,api.jquery.com
http://api.jquery.com/dequeue/,js,dequeue,api.jquery.com
http://api.jquery.com/descendant-selector/,js,descendant-selector,api.jquery.com
http://api.jquery.com/detach/,js,detach,api.jquery.com
http://api.jquery.com/die/,js,die,api.jquery.com
http://api.jquery.com/disabled-selector/,js,disabled-selector,api.jquery.com
http://api.jquery.com/each/,js,each,api.jquery.com
http://api.jquery.com/element-selector/,js,element-selector,api.jquery.com
http://api.jquery.com/empty-selector/,js,empty-selector,api.jquery.com
http://api.jquery.com/empty/,js,empty,api.jquery.com
http://api.jquery.com/enabled-selector/,js,enabled-selector,api.jquery.com
http://api.jquery.com/end/,js,end,api.jquery.com
http://api.jquery.com/eq-selector/,js,eq-selector,api.jquery.com
http://api.jquery.com/eq/,js,eq,api.jquery.com
http://api.jquery.com/error/,js,error,api.jquery.com
http://api.jquery.com/even-selector/,js,even-selector,api.jquery.com
http://api.jquery.com/event.currentTarget/,js,event.currentTarget,api.jquery.com
http://api.jquery.com/event.data/,js,event.data,api.jquery.com
http://api.jquery.com/event.delegateTarget/,js,event.delegateTarget,api.jquery.com
http://api.jquery.com/event.isDefaultPrevented/,js,event.isDefaultPrevented,api.jquery.com
http://api.jquery.com/event.isImmediatePropagationStopped/,js,event.isImmediatePropagationStopped,api.jquery.com
http://api.jquery.com/event.isPropagationStopped/,js,event.isPropagationStopped,api.jquery.com
http://api.jquery.com/event.metaKey/,js,event.metaKey,api.jquery.com
http://api.jquery.com/event.namespace/,js,event.namespace,api.jquery.com
http://api.jquery.com/event.pageX/,js,event.pageX,api.jquery.com
http://api.jquery.com/event.pageY/,js,event.pageY,api.jquery.com
http://api.jquery.com/event.preventDefault/,js,event.preventDefault,api.jquery.com
http://api.jquery.com/event.relatedTarget/,js,event.relatedTarget,api.jquery.com
http://api.jquery.com/event.result/,js,event.result,api.jquery.com
http://api.jquery.com/event.stopImmediatePropagation/,js,event.stopImmediatePropagation,api.jquery.com
http://api.jquery.com/event.stopPropagation/,js,event.stopPropagation,api.jquery.com
http://api.jquery.com/event.target/,js,event.target,api.jquery.com
http://api.jquery.com/event.timeStamp/,js,event.timeStamp,api.jquery.com
http://api.jquery.com/event.type/,js,event.type,api.jquery.com
http://api.jquery.com/event.which/,js,event.which,api.jquery.com
http://api.jquery.com/fadeIn/,js,fadeIn,api.jquery.com
http://api.jquery.com/fadeOut/,js,fadeOut,api.jquery.com
http://api.jquery.com/fadeTo/,js,fadeTo,api.jquery.com
http://api.jquery.com/fadeToggle/,js,fadeToggle,api.jquery.com
http://api.jquery.com/file-selector/,js,file-selector,api.jquery.com
http://api.jquery.com/filter/,js,filter,api.jquery.com
http://api.jquery.com/find/,js,find,api.jquery.com
http://api.jquery.com/finish/,js,finish,api.jquery.com
http://api.jquery.com/first-child-selector/,js,first-child-selector,api.jquery.com
http://api.jquery.com/first-of-type-selector/,js,first-of-type-selector,api.jquery.com
http://api.jquery.com/first-selector/,js,first-selector,api.jquery.com
http://api.jquery.com/first/,js,first,api.jquery.com
http://api.jquery.com/focus-selector/,js,focus-selector,api.jquery.com
http://api.jquery.com/focus/,js,focus,api.jquery.com
http://api.jquery.com/focusin/,js,focusin,api.jquery.com
http://api.jquery.com/focusout/,js,focusout,api.jquery.com
http://api.jquery.com/get/,js,get,api.jquery.com
http://api.jquery.com/gt-selector/,js,gt-selector,api.jquery.com
http://api.jquery.com/has-attribute-selector/,js,has-attribute-selector,api.jquery.com
http://api.jquery.com/has-selector/,js,has-selector,api.jquery.com
http://api.jquery.com/has/,js,has,api.jquery.com
http://api.jquery.com/hasClass/,js,hasClass,api.jquery.com
http://api.jquery.com/header-selector/,js,header-selector,api.jquery.com
http://api.jquery.com/height/,js,height,api.jquery.com
http://api.jquery.com/hidden-selector/,js,hidden-selector,api.jquery.com
http://api.jquery.com/hide/,js,hide,api.jquery.com
http://api.jquery.com/hover/,js,hover,api.jquery.com
http://api.jquery.com/html/,js,html,api.jquery.com
http://api.jquery.com/id-selector/,js,id-selector,api.jquery.com
http://api.jquery.com/image-selector/,js,image-selector,api.jquery.com
http://api.jquery.com/index/,js,index,api.jquery.com
http://api.jquery.com/innerHeight/,js,innerHeight,api.jquery.com
http://api.jquery.com/innerWidth/,js,innerWidth,api.jquery.com
http://api.jquery.com/input-selector/,js,input-selector,api.jquery.com
http://api.jquery.com/insertAfter/,js,insertAfter,api.jquery.com
http://api.jquery.com/insertBefore/,js,insertBefore,api.jquery.com
http://api.jquery.com/is/,js,is,api.jquery.com
http://api.jquery.com/jquery-2/,js,jquery-2,api.jquery.com
http://api.jquery.com/jQuery.ajax/,js,jQuery.ajax,api.jquery.com
http://api.jquery.com/jQuery.ajaxPrefilter/,js,jQuery.ajaxPrefilter,api.jquery.com
http://api.jquery.com/jQuery.ajaxSetup/,js,jQuery.ajaxSetup,api.jquery.com
http://api.jquery.com/jQuery.ajaxTransport/,js,jQuery.ajaxTransport,api.jquery.com
http://api.jquery.com/jQuery.boxModel/,js,jQuery.boxModel,api.jquery.com
http://api.jquery.com/jQuery.browser/,js,jQuery.browser,api.jquery.com
http://api.jquery.com/jQuery.Callbacks/,js,jQuery.Callbacks,api.jquery.com
http://api.jquery.com/jQuery.contains/,js,jQuery.contains,api.jquery.com
http://api.jquery.com/jQuery.cssHooks/,js,jQuery.cssHooks,api.jquery.com
http://api.jquery.com/jQuery.data/,js,jQuery.data,api.jquery.com
http://api.jquery.com/jQuery.Deferred/,js,jQuery.Deferred,api.jquery.com
http://api.jquery.com/jQuery.dequeue/,js,jQuery.dequeue,api.jquery.com
http://api.jquery.com/jQuery.each/,js,jQuery.each,api.jquery.com
http://api.jquery.com/jQuery.error/,js,jQuery.error,api.jquery.com
http://api.jquery.com/jQuery.extend/,js,jQuery.extend,api.jquery.com
http://api.jquery.com/jQuery.fx.interval/,js,jQuery.fx.interval,api.jquery.com
http://api.jquery.com/jQuery.fx.off/,js,jQuery.fx.off,api.jquery.com
http://api.jquery.com/jQuery.get/,js,jQuery.get,api.jquery.com
http://api.jquery.com/jQuery.getJSON/,js,jQuery.getJSON,api.jquery.com
http://api.jquery.com/jQuery.getScript/,js,jQuery.getScript,api.jquery.com
http://api.jquery.com/jQuery.globalEval/,js,jQuery.globalEval,api.jquery.com
http://api.jquery.com/jQuery.grep/,js,jQuery.grep,api.jquery.com
http://api.jquery.com/jQuery.hasData/,js,jQuery.hasData,api.jquery.com
http://api.jquery.com/jQuery.holdReady/,js,jQuery.holdReady,api.jquery.com
http://api.jquery.com/jQuery.inArray/,js,jQuery.inArray,api.jquery.com
http://api.jquery.com/jQuery.isArray/,js,jQuery.isArray,api.jquery.com
http://api.jquery.com/jQuery.isEmptyObject/,js,jQuery.isEmptyObject,api.jquery.com
http://api.jquery.com/jQuery.isFunction/,js,jQuery.isFunction,api.jquery.com
http://api.jquery.com/jQuery.isNumeric/,js,jQuery.isNumeric,api.jquery.com
http://api.jquery.com/jQuery.isPlainObject/,js,jQuery.isPlainObject,api.jquery.com
http://api.jquery.com/jQuery.isWindow/,js,jQuery.isWindow,api.jquery.com
http://api.jquery.com/jQuery.isXMLDoc/,js,jQuery.isXMLDoc,api.jquery.com
http://api.jquery.com/jQuery.makeArray/,js,jQuery.makeArray,api.jquery.com
http://api.jquery.com/jQuery.map/,js,jQuery.map,api.jquery.com
http://api.jquery.com/jQuery.merge/,js,jQuery.merge,api.jquery.com
http://api.jquery.com/jQuery.noConflict/,js,jQuery.noConflict,api.jquery.com
http://api.jquery.com/jQuery.noop/,js,jQuery.noop,api.jquery.com
http://api.jquery.com/jQuery.now/,js,jQuery.now,api.jquery.com
http://api.jquery.com/jQuery.param/,js,jQuery.param,api.jquery.com
http://api.jquery.com/jQuery.parseHTML/,js,jQuery.parseHTML,api.jquery.com
http://api.jquery.com/jQuery.parseJSON/,js,jQuery.parseJSON,api.jquery.com
http://api.jquery.com/jQuery.parseXML/,js,jQuery.parseXML,api.jquery.com
http://api.jquery.com/jQuery.post/,js,jQuery.post,api.jquery.com
http://api.jquery.com/jQuery.proxy/,js,jQuery.proxy,api.jquery.com
http://api.jquery.com/jQuery.queue/,js,jQuery.queue,api.jquery.com
http://api.jquery.com/jQuery.removeData/,js,jQuery.removeData,api.jquery.com
http://api.jquery.com/jQuery.sub/,js,jQuery.sub,api.jquery.com
http://api.jquery.com/jQuery.support/,js,jQuery.support,api.jquery.com
http://api.jquery.com/jQuery.trim/,js,jQuery.trim,api.jquery.com
http://api.jquery.com/jQuery.type/,js,jQuery.type,api.jquery.com
http://api.jquery.com/jQuery.unique/,js,jQuery.unique,api.jquery.com
http://api.jquery.com/jQuery.when/,js,jQuery.when,api.jquery.com
http://api.jquery.com/jQuery/,js,jQuery,api.jquery.com
http://api.jquery.com/keydown/,js,keydown,api.jquery.com
http://api.jquery.com/keypress/,js,keypress,api.jquery.com
http://api.jquery.com/keyup/,js,keyup,api.jquery.com
http://api.jquery.com/lang-selector/,js,lang-selector,api.jquery.com
http://api.jquery.com/last-child-selector/,js,last-child-selector,api.jquery.com
http://api.jquery.com/last-of-type-selector/,js,last-of-type-selector,api.jquery.com
http://api.jquery.com/last-selector/,js,last-selector,api.jquery.com
http://api.jquery.com/last/,js,last,api.jquery.com
http://api.jquery.com/length/,js,length,api.jquery.com
http://api.jquery.com/live/,js,live,api.jquery.com
http://api.jquery.com/load-event/,js,load-event,api.jquery.com
http://api.jquery.com/load/,js,load,api.jquery.com
http://api.jquery.com/lt-selector/,js,lt-selector,api.jquery.com
http://api.jquery.com/map/,js,map,api.jquery.com
http://api.jquery.com/mousedown/,js,mousedown,api.jquery.com
http://api.jquery.com/mouseenter/,js,mouseenter,api.jquery.com
http://api.jquery.com/mouseleave/,js,mouseleave,api.jquery.com
http://api.jquery.com/mousemove/,js,mousemove,api.jquery.com
http://api.jquery.com/mouseout/,js,mouseout,api.jquery.com
http://api.jquery.com/mouseover/,js,mouseover,api.jquery.com
http://api.jquery.com/mouseup/,js,mouseup,api.jquery.com
http://api.jquery.com/multiple-attribute-selector/,js,multiple-attribute-selector,api.jquery.com
http://api.jquery.com/multiple-selector/,js,multiple-selector,api.jquery.com
http://api.jquery.com/next-adjacent-Selector/,js,next-adjacent-Selector,api.jquery.com
http://api.jquery.com/next-siblings-selector/,js,next-siblings-selector,api.jquery.com
http://api.jquery.com/next/,js,next,api.jquery.com
http://api.jquery.com/nextAll/,js,nextAll,api.jquery.com
http://api.jquery.com/nextUntil/,js,nextUntil,api.jquery.com
http://api.jquery.com/not-selector/,js,not-selector,api.jquery.com
http://api.jquery.com/not/,js,not,api.jquery.com
http://api.jquery.com/nth-child-selector/,js,nth-child-selector,api.jquery.com
http://api.jquery.com/nth-last-child-selector/,js,nth-last-child-selector,api.jquery.com
http://api.jquery.com/nth-last-of-type-selector/,js,nth-last-of-type-selector,api.jquery.com
http://api.jquery.com/nth-of-type-selector/,js,nth-of-type-selector,api.jquery.com
http://api.jquery.com/odd-selector/,js,odd-selector,api.jquery.com
http://api.jquery.com/off/,js,off,api.jquery.com
http://api.jquery.com/offset/,js,offset,api.jquery.com
http://api.jquery.com/offsetParent/,js,offsetParent,api.jquery.com
http://api.jquery.com/on/,js,on,api.jquery.com
http://api.jquery.com/one/,js,one,api.jquery.com
http://api.jquery.com/only-child-selector/,js,only-child-selector,api.jquery.com
http://api.jquery.com/only-of-type-selector/,js,only-of-type-selector,api.jquery.com
http://api.jquery.com/outerHeight/,js,outerHeight,api.jquery.com
http://api.jquery.com/outerWidth/,js,outerWidth,api.jquery.com
http://api.jquery.com/parent-selector/,js,parent-selector,api.jquery.com
http://api.jquery.com/parent/,js,parent,api.jquery.com
http://api.jquery.com/parents/,js,parents,api.jquery.com
http://api.jquery.com/parentsUntil/,js,parentsUntil,api.jquery.com
http://api.jquery.com/password-selector/,js,password-selector,api.jquery.com
http://api.jquery.com/position/,js,position,api.jquery.com
http://api.jquery.com/prepend/,js,prepend,api.jquery.com
http://api.jquery.com/prependTo/,js,prependTo,api.jquery.com
http://api.jquery.com/prev/,js,prev,api.jquery.com
http://api.jquery.com/prevAll/,js,prevAll,api.jquery.com
http://api.jquery.com/prevUntil/,js,prevUntil,api.jquery.com
http://api.jquery.com/promise/,js,promise,api.jquery.com
http://api.jquery.com/prop/,js,prop,api.jquery.com
http://api.jquery.com/pushStack/,js,pushStack,api.jquery.com
http://api.jquery.com/queue/,js,queue,api.jquery.com
http://api.jquery.com/radio-selector/,js,radio-selector,api.jquery.com
http://api.jquery.com/ready/,js,ready,api.jquery.com
http://api.jquery.com/remove/,js,remove,api.jquery.com
http://api.jquery.com/removeAttr/,js,removeAttr,api.jquery.com
http://api.jquery.com/removeClass/,js,removeClass,api.jquery.com
http://api.jquery.com/removeData/,js,removeData,api.jquery.com
http://api.jquery.com/removeProp/,js,removeProp,api.jquery.com
http://api.jquery.com/replaceAll/,js,replaceAll,api.jquery.com
http://api.jquery.com/replaceWith/,js,replaceWith,api.jquery.com
http://api.jquery.com/reset-selector/,js,reset-selector,api.jquery.com
http://api.jquery.com/resize/,js,resize,api.jquery.com
http://api.jquery.com/root-selector/,js,root-selector,api.jquery.com
http://api.jquery.com/scroll/,js,scroll,api.jquery.com
http://api.jquery.com/scrollLeft/,js,scrollLeft,api.jquery.com
http://api.jquery.com/scrollTop/,js,scrollTop,api.jquery.com
http://api.jquery.com/select/,js,select,api.jquery.com
http://api.jquery.com/selected-selector/,js,selected-selector,api.jquery.com
http://api.jquery.com/selector/,js,selector,api.jquery.com
http://api.jquery.com/serialize/,js,serialize,api.jquery.com
http://api.jquery.com/serializeArray/,js,serializeArray,api.jquery.com
http://api.jquery.com/show/,js,show,api.jquery.com
http://api.jquery.com/siblings/,js,siblings,api.jquery.com
http://api.jquery.com/size/,js,size,api.jquery.com
http://api.jquery.com/slice/,js,slice,api.jquery.com
http://api.jquery.com/slideDown/,js,slideDown,api.jquery.com
http://api.jquery.com/slideToggle/,js,slideToggle,api.jquery.com
http://api.jquery.com/slideUp/,js,slideUp,api.jquery.com
http://api.jquery.com/stop/,js,stop,api.jquery.com
http://api.jquery.com/submit-selector/,js,submit-selector,api.jquery.com
http://api.jquery.com/submit/,js,submit,api.jquery.com
http://api.jquery.com/target-selector/,js,target-selector,api.jquery.com
http://api.jquery.com/text-selector/,js,text-selector,api.jquery.com
http://api.jquery.com/text/,js,text,api.jquery.com
http://api.jquery.com/toArray/,js,toArray,api.jquery.com
http://api.jquery.com/toggle-event/,js,toggle-event,api.jquery.com
http://api.jquery.com/toggle/,js,toggle,api.jquery.com
http://api.jquery.com/toggleClass/,js,toggleClass,api.jquery.com
http://api.jquery.com/trigger/,js,trigger,api.jquery.com
http://api.jquery.com/triggerHandler/,js,triggerHandler,api.jquery.com
http://api.jquery.com/unbind/,js,unbind,api.jquery.com
http://api.jquery.com/undelegate/,js,undelegate,api.jquery.com
http://api.jquery.com/unload/,js,unload,api.jquery.com
http://api.jquery.com/unwrap/,js,unwrap,api.jquery.com
http://api.jquery.com/val/,js,val,api.jquery.com
http://api.jquery.com/visible-selector/,js,visible-selector,api.jquery.com
http://api.jquery.com/width/,js,width,api.jquery.com
http://api.jquery.com/wrap/,js,wrap,api.jquery.com
http://api.jquery.com/wrapAll/,js,wrapAll,api.jquery.com
http://api.jquery.com/wrapInner/,js,wrapInner,api.jquery.com